"host_id","host_name","calculated_host_"
"167186184","Towns","108"
"96187307","Yonder","50"
"134903005","Carolina Mornings","46"
"121681645","Evolve","31"
"242474849","Jennifer","28"
"480217041","AvantStay","27"
"581734305","Asheville Cabins Of Willow Winds","25"
"151279507","Amanda Elizabeth","19"
"46001530","Jonathan","17"
"250328755","River Row Flats, Inc","15"
"10603047","Caleb","14"
"665399107","Blind Tiger Asheville","14"
"443140321","Vacasa North Carolina","12"
"343440528","Arras","10"
"443139360","Vacasa North Carolina","10"
"25138314","RoomPicks By Antony","10"
"722034","Darlene And Ron","9"
"151397468","Evolve","9"
"746673","BonPaul","8"
"67969363","Jon And Emily","8"
"96305927","Narendrakumar Ashabhai","8"
"8480253","Brian","8"
"232831690","Jon","8"
"367363875","Scott","8"
"477251437","Asheville River Cabins","8"
"3736218","Mary","7"
"71812166","Heidi & Ricky","7"
"10699816","Trace","7"
"119766721","Nina","7"
"543434299","Jamie","7"
"162161772","Dave & Stephanie","6"
"181480147","Andrew","6"
"64331718","Melody","6"
"246993350","Barry & Sherry","6"
"180564557","David","6"
"420259754","Elevation Lofts Hotel","6"
"459368276","Anne","6"
"478848912","Pete","6"
"15788000","Lisa","5"
"65408548","Karl","5"
"184069772","Paul","5"
"196608665","Diane","5"
"33151095","Tiffanie","5"
"1675743","V","5"
"105838974","Leland","5"
"61411239","Virginia","5"
"174586650","Perry","5"
"443127396","Vacasa North Carolina","5"
"4396256","April","5"
"498202168","Stephen And Jason","5"
"521324374","Lazy Tiger","5"
"594564765","Andrea","5"
"468173931","Michael","5"
"674785574","Luigi Boy Pabua","5"
"352405","Molly Rose","4"
"32054468","Jeremy","4"
"23092470","April","4"
"51104544","Simms","4"
"44117628","Kelly","4"
"102127332","Julia","4"
"4331962","Shanti Mountain","4"
"84150222","Mary Vivian","4"
"61844145","Elizabeth","4"
"10554436","Han","4"
"26002506","Michelle","4"
"10077483","Heidi","4"
"62303172","Corey Matthew","4"
"178317608","Carly","4"
"16965669","Jesse Jill","4"
"245663680","Peter","4"
"267251966","Samuel","4"
"305248767","Sweet Peas","4"
"297725694","Drew","4"
"145533530","Christy","4"
"329768553","Austin","4"
"44036707","Michael","4"
"266361810","Alina","4"
"36793116","Mighty Tree Properties","4"
"252417728","Gustavo","4"
"460430148","Myron And Brittany","4"
"27102941","May","4"
"172948637","Elevation","4"
"143948814","Southern Resort","4"
"1180503","Jay","4"
"74648459","Sara","4"
"32195328","Harshad","4"
"572636994","Mackenzie","4"
"1292070","Annie","3"
"478398","Heidi","3"
"4664726","Maria","3"
"7527127","Carlos","3"
"4117051","Mary","3"
"16296123","Laura Allison","3"
"29536562","Jody","3"
"2392127","David And Melissa","3"
"14480896","Birgit","3"
"40029182","Matthew","3"
"40234911","Sage Sara","3"
"42676282","Amanda","3"
"46228285","Kathryn","3"
"43095235","Terra","3"
"10746689","Irina","3"
"37996476","Aaron","3"
"382557808","Corey","3"
"42678716","JC And John","3"
"1786031","Emilie","3"
"35012995","Ben","3"
"2285909","Gretchen","3"
"56642643","Paul","3"
"8255241","Judy","3"
"158764029","Brennen & Sheila","3"
"4709573","Michael Patrick","3"
"60348510","Alicia","3"
"179393643","Shaun","3"
"10573695","Lani","3"
"90132535","Arvin","3"
"189799819","Michael And Kerrie","3"
"108739712","Jay","3"
"204005138","Tamara & Sergey","3"
"167246897","Laura","3"
"189417559","Bethany","3"
"33042122","John","3"
"178081080","Hannah","3"
"53103852","Andrea","3"
"122746719","Rebecca","3"
"22983673","Rachel","3"
"35276523","Andi","3"
"447134467","Cristina","3"
"447434330","Ed And Marwa","3"
"455086059","Kyah","3"
"375795810","Angela","3"
"19756246","Aaron","3"
"26629986","Eliot","3"
"93190693","Suzanne","3"
"82312611","Brittany Sue","3"
"491579319","Austin","3"
"492169479","Eden","3"
"27538131","Chai","3"
"492927213","Maureen","3"
"23893046","Kory","3"
"440605307","Jennifer","3"
"429973","Monika","3"
"151158933","Travis","3"
"373964980","Sarah","3"
"211144926","Matt","3"
"455652319","Peter","3"
"185218131","Vacasa Asheville","3"
"582848816","Melinda","3"
"168739253","Michael","3"
"147446728","Beth","3"
"667273378","Jeffrey Scott","3"
"536691871","Aiden","3"
"2134894","Ania","3"
"961396","Timothy","2"
"467421","Camille","2"
"614610","Linda","2"
"5107042","Terri","2"
"4143638","Maryfrances","2"
"4834939","Jessica","2"
"1566145","Gayle","2"
"12874214","David","2"
"7535860","Rita","2"
"2307713","Krista","2"
"8035294","Alicia","2"
"17363326","Michael","2"
"4846203","Zachary","2"
"18450336","Michele","2"
"5656896","Michael","2"
"1676385","Pamella","2"
"24938934","Jofre","2"
"29950328","Ellie","2"
"21539203","Dorothy","2"
"32221473","Randy","2"
"16023445","Tara","2"
"29622653","Mary Katherine","2"
"31436003","Lee","2"
"21313437","Ronald","2"
"481489","Valerie","2"
"41909545","Christal","2"
"41727732","Suzanne","2"
"45217605","Gathai","2"
"46416011","Bet","2"
"6278782","Robert","2"
"28629826","Ricardo","2"
"21702831","Elise","2"
"50280849","Mitch","2"
"43818498","Christine Michele","2"
"67509318","Cynthia Siehl","2"
"76545940","Hilary","2"
"19333726","Mary Suzanne","2"
"93289165","Carolyn","2"
"10524336","Sharon","2"
"20108786","Natalie","2"
"16359857","Anna Katharine","2"
"41653391","Amanda","2"
"109123783","Beverly","2"
"21600570","Kimberly","2"
"119510171","Debora Lynn James","2"
"109638953","Guy","2"
"1931430","Ana","2"
"130451455","Angelica","2"
"96462574","Oshun Mountain Sanctuary","2"
"123930099","Chan Doreen","2"
"141121732","Claire","2"
"141731478","George","2"
"122691303","Shannon Kate","2"
"98506795","Elizabeth","2"
"3651402","Emily","2"
"4636687","Sandra","2"
"2260255","Erin","2"
"1197698","Briana","2"
"839950","David Joseph","2"
"66193031","Darcy","2"
"10643735","Carol","2"
"7075213","Tara","2"
"10453340","Brett","2"
"4634736","Bradley","2"
"38944655","Kristie","2"
"14858756","Danielle","2"
"66626246","Kevin","2"
"7150495","Wren","2"
"140266471","Kathryn Elaine","2"
"176322619","Maxey","2"
"38149372","Arayna","2"
"85626163","Lori","2"
"149112188","Sharon","2"
"161880781","Natalie","2"
"200915871","Celeste And Chris","2"
"94069776","Isabel","2"
"185705514","Mark","2"
"4153533","Robert John","2"
"122413130","Camille","2"
"156490057","Alicia","2"
"110864318","Aimee","2"
"233729575","Becky","2"
"107027195","Carl","2"
"203736164","Lindsay","2"
"56257899","Grant","2"
"247799171","Brent","2"
"8966582","Caroline And Mike","2"
"257415557","Jessica","2"
"173098107","Stephen Paul","2"
"118878640","Crystal","2"
"26047490","Tobias","2"
"295508717","Juliana","2"
"142642840","Thomas Freeman","2"
"24226447","John","2"
"13678979","Jenny","2"
"82692497","Elva","2"
"280148398","Jessica","2"
"25952620","Ashton","2"
"207357894","Kristin And Chris","2"
"288906933","Angel","2"
"264046613","Kyle","2"
"290850305","Scott And Marilou","2"
"294953027","Daniel","2"
"16970160","Daniel","2"
"282336310","Wanderlust Lofts","2"
"96294317","Shane","2"
"13976264","Michael And Rebecca","2"
"323089684","Kaegi Enterprises","2"
"24730814","Toni","2"
"35088557","Lindsey","2"
"26759134","Benjamin","2"
"7262993","Mike","2"
"92773441","Michael","2"
"314686830","Michelle","2"
"14900836","Johanna","2"
"304891938","Joshua","2"
"272917027","Ria","2"
"338836359","Jodie Lee","2"
"339683895","Alison Landers &","2"
"55918963","Mike And Cate","2"
"306509163","Patrick","2"
"4294340","Jill","2"
"127101088","Erin","2"
"28338684","Steve","2"
"294147396","Manuel","2"
"51855399","Kurt","2"
"29243628","Julia","2"
"87602978","Maggie","2"
"372039261","Jessica","2"
"215105213","Andrey And Inna","2"
"112407742","Inspired Getaway","2"
"9122753","Karen","2"
"29603611","Isaiah","2"
"384261838","Tammy Kay","2"
"388539039","Christopher","2"
"85361942","Jillian","2"
"95322893","Melissa","2"
"367251476","Gilbert & Maria","2"
"396620878","Byrd","2"
"399254060","Janice","2"
"24977948","Nicholas Severino","2"
"25520590","Ginger","2"
"63382608","Catherine","2"
"346820564","Athena","2"
"2359112","Rose","2"
"410446440","David","2"
"216854469","Lyle","2"
"40376511","Paula","2"
"5308222","Jason","2"
"154432546","Jen","2"
"125587791","Agnes","2"
"152235345","Julie","2"
"99625066","Dustin","2"
"433186919","Jennifer","2"
"332614799","Alexey","2"
"434401877","Bryce","2"
"23433868","Brendan","2"
"520546","Jennifer","2"
"57546902","Ali","2"
"206690366","Vacasa North Carolina","2"
"23239431","Ellen","2"
"280722569","Brandon","2"
"442004854","Buna","2"
"392734293","Strawflower Rentals","2"
"453701957","Dennis & Betsy","2"
"28246346","Clinton","2"
"92361168","Zahra","2"
"195886435","Lara","2"
"133996475","Anna","2"
"97456994","Jennifer","2"
"118729390","Christine","2"
"457314494","Kimpton Hotel Arras","2"
"20475301","Paige & Nathan","2"
"128254566","Bonnie","2"
"470823906","Viktor","2"
"139534845","Rachel","2"
"267148766","Michael","2"
"36537667","Julia","2"
"136927522","George","2"
"446731191","David","2"
"104712418","Chase","2"
"452118061","Gavin","2"
"169983617","Casey","2"
"505394621","Megan","2"
"87770291","Shannon","2"
"197690","Trishann","2"
"1123768","Joe","2"
"416012345","Michelle","2"
"112945628","Beth","2"
"244110135","Patrick","2"
"348573026","Olga","2"
"456511812","Evolve","2"
"109002614","Theodore","2"
"207734620","Jim","2"
"59350899","Su-Mei","2"
"531612283","Rachel","2"
"492548267","Roy","2"
"473964743","Elias","2"
"106521861","Jasmine","2"
"64745543","Evan","2"
"520349817","William","2"
"25771611","Travis","2"
"551998533","Heather","2"
"61728286","Rena","2"
"424026604","Terry","2"
"29805789","Kyle Patrick","2"
"233133238","Jessica","2"
"88566861","Kasa","2"
"473094279","Emily Grace","2"
"484235135","Leisr Stays","2"
"566702860","Cherie","2"
"7825587","Rosi","2"
"323614638","Tamra","2"
"29417214","Matthew","2"
"145856475","Sean","2"
"224723405","Babette","2"
"368387724","Caroline","2"
"287823977","Andrew","2"
"224349957","Loriel And Adam","2"
"657449201","Emilie","2"
"90479988","Bowie","2"
"423059617","DeVore Property","2"
"187377630","Haven Homes","2"
"94711594","David","2"
"55382176","Casey","2"
"25961077","Megan","2"
"373316272","Ben","2"
"88330801","Santi","2"
"185080522","Donna","2"
"1436720","Natalie","2"
"659384202","Hajar","2"
"1029919","Kevin","1"
"381660","Tom","1"
"1909922","Milan","1"
"3079174","Molly","1"
"3335271","Brady","1"
"1111171","Thomas","1"
"4390477","Michael","1"
"4418555","Bart","1"
"4632589","Jason","1"
"5100332","Pat","1"
"5340154","Ar","1"
"4302936","Anne","1"
"6187751","Hun","1"
"7130739","Marta","1"
"2799158","Kari","1"
"7523601","Karen","1"
"483350","Emilio Janusz","1"
"8348149","Deborah","1"
"8345942","Sherry","1"
"5601328","Mary Stewart Haynes","1"
"320564","Lisa","1"
"1816805","Audrey","1"
"313613","Alyson","1"
"8533528","Susan","1"
"546222","Martha","1"
"10240937","Joe","1"
"8671251","Heather","1"
"14937363","Melanie","1"
"15694798","Josh","1"
"16293519","Chun","1"
"12087030","Marie","1"
"17173574","Scott & Catherine","1"
"17767321","JC & Jackson","1"
"19697970","Daniel Ronald","1"
"19977236","Louisa","1"
"3221035","Mark","1"
"11006041","Shari","1"
"22813406","Beth","1"
"16339042","Lori","1"
"12679902","Summer","1"
"5035186","Lynn And Jake","1"
"25749896","Sydney","1"
"21362898","Susan","1"
"27238559","Greg","1"
"22115499","Lisa","1"
"27580922","Robert","1"
"5912974","Daniel","1"
"28342264","Kristin","1"
"26212530","Jason","1"
"28424329","Timothy Shuford","1"
"28561358","Amber","1"
"30377862","Daniel","1"
"13033352","Scott","1"
"1826173","Meg","1"
"31430181","Rob","1"
"32297877","Louis","1"
"32351091","Monica","1"
"26946813","Daniel","1"
"10535408","David","1"
"20940902","Megan","1"
"35390402","Elisa","1"
"35778919","Cara Ann","1"
"30982884","Tena","1"
"36535942","Mary Melisa Wilson","1"
"11298793","Miriam","1"
"6676667","Elizabeth","1"
"38605852","Hillary","1"
"25912360","Lucy","1"
"40300316","Larry Gene","1"
"15691039","Rahm","1"
"31173521","Lisa","1"
"42628649","Savannah","1"
"26447450","E. Patrick & Stephen","1"
"36614639","Kambra","1"
"6077075","Kimberly","1"
"43536753","Tracy Elizabeth","1"
"1686503","Robert","1"
"23163164","David","1"
"18376463","Michael Joseph","1"
"45401193","Lisa","1"
"45522770","Francis","1"
"45860533","Rumi","1"
"11246730","Damon","1"
"2661590","Kelly","1"
"47777952","Mary","1"
"48040470","Georgia","1"
"7835259","Lisa Anne","1"
"50939862","Duncan","1"
"13713928","Andrew Graham","1"
"52768352","Andrew","1"
"11981228","Michael Roy","1"
"53185861","Marshall And Tracie","1"
"1137761","Velvet","1"
"54888484","William Kelly","1"
"56216396","Terri","1"
"5620417","Becky","1"
"55571849","Kurt","1"
"25316948","Christopher","1"
"48937991","Carrie","1"
"3156619","Clara","1"
"10032288","Alison","1"
"2566529","Leighton","1"
"18089084","Patricia Agnes","1"
"12949639","Roger And Mary","1"
"64927386","Rebecca Marie","1"
"65744660","Kristina","1"
"6773853","Ricky","1"
"24707668","Suzy","1"
"64613905","William Howald","1"
"2992564","Courtney","1"
"69829206","Cheryl","1"
"70178019","Leslie","1"
"70859007","Courteney","1"
"14165703","Jill","1"
"72903706","Katherine","1"
"51831860","Annelise","1"
"17162742","Kirk","1"
"12585232","George","1"
"57640272","Ellen","1"
"57323381","Leslie","1"
"4195893","Amy","1"
"84179660","Teresa Lynn","1"
"2553058","Ron","1"
"38060048","Margaret","1"
"85147880","Zephyr","1"
"61661019","Leah","1"
"19598083","Marin","1"
"89749383","Sally And Robert","1"
"46663867","Lynn","1"
"65772530","Roberta","1"
"354169038","Angelica","1"
"13282355","Ashley","1"
"64825951","Katie Lovett","1"
"92808521","Anna","1"
"20943262","Roslyn","1"
"48356327","Marianne","1"
"94713501","Wendy","1"
"15582281","Angela","1"
"96173789","Jamie And Jim","1"
"21014952","Ceresa Bogert","1"
"15740461","Dellene Elizabeth","1"
"97966079","Karen","1"
"62996022","Joy","1"
"98830727","Kelly","1"
"15904121","Maureen","1"
"32198136","Paul","1"
"49443822","Beatriz","1"
"89335658","Emily","1"
"47647594","Micah","1"
"100023677","Dana","1"
"16261203","Samuel Westen","1"
"5230460","Emily","1"
"101874083","Cecelia(Cissy)","1"
"46300912","Robin","1"
"102070094","David Steven","1"
"61098873","Kevin","1"
"25438439","Wendy","1"
"62667","Heather","1"
"1178227","Karen","1"
"27942972","Candace","1"
"106333993","Rob","1"
"1329460","Lynne","1"
"108161472","Sebastian","1"
"15086526","Smithson","1"
"78507878","Andrew","1"
"59949913","Ashley","1"
"16954978","Phaedra","1"
"57405998","Cody","1"
"84799065","Sarah","1"
"112183018","Melissa","1"
"1405583","Viviana","1"
"52034787","Isaac","1"
"106315653","Jennifer","1"
"117176518","Marilyn","1"
"41521900","Yasmin","1"
"117659309","Helen","1"
"119106320","Alison","1"
"74769459","Ellen","1"
"71857225","Robert","1"
"119822805","Jennifer","1"
"19159885","Elaine","1"
"122832025","Elizabeth","1"
"5522323","Jovita","1"
"13871909","Cara","1"
"124606231","Colleen And Dave","1"
"36948751","Paul","1"
"5366546","Raymond","1"
"7934829","Joanna","1"
"56410675","Alexander","1"
"29296555","Kaylen","1"
"127670039","Mikael","1"
"128125554","Austin","1"
"65499332","Elizabeth","1"
"73600074","Joel","1"
"48064538","Gael","1"
"130138003","Kristyn","1"
"2439734","Jacob","1"
"131948090","James Alfred","1"
"119642196","Naomi","1"
"71125861","Rich","1"
"134554268","Adam","1"
"50024355","Alice","1"
"9440287","Jana","1"
"130352599","Anthony","1"
"66582598","Myra","1"
"107292420","Tamara","1"
"133792356","Michael","1"
"133394066","Heather","1"
"48428279","Chad","1"
"26302902","Laurel","1"
"98078269","Bill","1"
"60007333","Margaret Ann","1"
"139692951","James","1"
"49572070","Sarah Lynn","1"
"121669790","Kaye","1"
"142023667","Harlan James","1"
"690188003","Makenzie","1"
"1190262","April","1"
"143018909","Robert","1"
"143141422","Misty","1"
"124822920","Jill","1"
"49360051","Sarah","1"
"138795160","Leslie","1"
"147043098","Willis","1"
"48402632","Tara","1"
"52404494","Sonia","1"
"145883321","Jami","1"
"93354407","Susan","1"
"134950985","Linda Kennedy","1"
"19335705","Jessica","1"
"146388068","Cherylin","1"
"147439967","Kathy","1"
"147800428","Cory","1"
"148137080","Jeffrey Kevin","1"
"2939506","Heather","1"
"148691735","Mel","1"
"90517735","George","1"
"42691761","Bett","1"
"149139818","Lucy","1"
"149280910","Ashley","1"
"1413425","Joseline Noe","1"
"143204951","Amory","1"
"134962794","Josh","1"
"64779746","Elizabeth Snitzer","1"
"95254836","Marion","1"
"151453156","Evan","1"
"152085318","Shauna","1"
"152889799","Robert Kivett","1"
"92618672","Katie","1"
"4716983","Sarah & Allison","1"
"5180443","Mara","1"
"154879242","Teresa","1"
"28130518","Mary","1"
"155656246","Lynn","1"
"144134133","Brenda Leigh","1"
"1210602","Justin","1"
"11156364","Danielle","1"
"141355755","Brandon","1"
"158054785","Ladonna","1"
"28475957","Willem Antonie","1"
"12610486","Jennifer","1"
"124851805","Danya","1"
"21500666","Rory","1"
"141218676","Corey","1"
"3449944","Christina","1"
"9180037","Marcelle","1"
"227432","Elizabeth","1"
"161496536","Bill","1"
"161767339","Allison","1"
"163438093","Michael Scott","1"
"163503810","Peter","1"
"164624834","Patrick","1"
"19595654","Clifton","1"
"59054700","Jodi","1"
"15565480","Catherine","1"
"37289690","Andrew","1"
"34236761","Marty","1"
"164512814","Sara","1"
"170428521","Ian","1"
"96818723","Christa","1"
"89752652","Gary","1"
"6898358","Andrea","1"
"37152088","Micha","1"
"16309147","Wes","1"
"4507071","Joslyn","1"
"54379432","Jesse","1"
"40137306","Vahan","1"
"117926668","Michele & Dana","1"
"165107573","Monisha","1"
"176072701","The","1"
"42317741","Douglas Martin","1"
"177298140","Dawn And Ron","1"
"77589736","Kelly","1"
"34304636","Staci","1"
"28293820","Lucia","1"
"161775575","Alan","1"
"179791169","Rodney","1"
"179941669","Adam","1"
"181096695","Jessica","1"
"181660259","Angèle","1"
"53463254","Caroline","1"
"167429334","Melissa","1"
"183715171","David","1"
"75238397","Rebecca Suddreth","1"
"5305183","Leesa Childress","1"
"49781652","Cory","1"
"9018243","Chad","1"
"178613839","Liz","1"
"187473767","Drew And Caroline","1"
"26376755","Matt","1"
"187677035","Margaret + Dan","1"
"554888","Ashton","1"
"10965363","Laurie & Kevin","1"
"73387032","Laura","1"
"58199532","Laura","1"
"27018695","Lindsey","1"
"20537619","Jane","1"
"190499734","Kelly","1"
"5656589","Lisa","1"
"33738418","Eugene","1"
"57560438","Leslie","1"
"70881213","Megan","1"
"191895274","Stuart","1"
"12391710","Virginia","1"
"86592503","Elizabeth","1"
"99911550","Mary","1"
"29374471","Jill","1"
"513285800","Jessica","1"
"196826493","Ron  And Debbie","1"
"199524912","Michelle","1"
"21654047","Kris","1"
"200235148","Deborah","1"
"200255741","Brent Gilman","1"
"155388775","Crystal","1"
"10372880","Jacqueline","1"
"55879586","Mary","1"
"202460634","Thomas","1"
"128354253","Katie And Matt","1"
"30973282","Donald","1"
"282321","Jeramy","1"
"83781390","Kelle","1"
"186654491","Heather","1"
"63520946","Melissa","1"
"36867090","Donald","1"
"206942994","Tara","1"
"207153062","Charles","1"
"21675154","Rano","1"
"10057257","Angela","1"
"85957338","Lynette","1"
"62391763","Walter Fanning","1"
"142497520","Kristina","1"
"212442161","Anne","1"
"192774336","Nicholas George","1"
"430225508","Suzanne","1"
"151320027","Deirdre","1"
"83030349","Craig","1"
"215908393","Dean","1"
"89847496","Douglas","1"
"18919617","Patricia","1"
"217059764","Mark","1"
"6686569","Jaclyn","1"
"29763476","Valerie","1"
"161304476","James","1"
"6997230","John","1"
"218933862","Bronwen","1"
"34480852","Valerie","1"
"27896745","Dixiemarree","1"
"4907157","Heather","1"
"186982714","Ann","1"
"38120548","M","1"
"58459693","Angie","1"
"189842536","Zhenya","1"
"167473","Kelly","1"
"8459564","Rebecca","1"
"26609357","Shelly","1"
"25301216","Rachel","1"
"108148421","Kate","1"
"224796981","Justin","1"
"41462506","Janine","1"
"13793793","Doug","1"
"8427380","Samantha","1"
"1413856","Ryan","1"
"84572152","Diane","1"
"157205271","Teri","1"
"54403858","Catharine","1"
"7340570","Carolyn","1"
"64885918","Carol","1"
"230209704","Zoe","1"
"30784787","Emily","1"
"67834194","Nana","1"
"57783175","Craig","1"
"75750895","John","1"
"170251520","Melissa Sue","1"
"62122218","Wende","1"
"234441008","Angela","1"
"80338717","Cate","1"
"124981316","Lennox","1"
"2474914","Carlos","1"
"3039969","Traci","1"
"235954974","Rita","1"
"123565952","Mike","1"
"21897312","Frank","1"
"239199119","Jessica","1"
"161730549","Lawrence","1"
"19655463","Carol","1"
"238580484","Kelly","1"
"15382811","Kim","1"
"239193008","William Randolph","1"
"65951962","Kelly","1"
"84976521","Calvin","1"
"243522768","David","1"
"35672137","Tina Michelle","1"
"10965717","Leslie","1"
"9525645","Carolyn","1"
"13874674","Kelly","1"
"87229450","Tristan","1"
"6961396","Dani & Devyn","1"
"1482216","Marilyn","1"
"248210743","Katie","1"
"248239829","Molly","1"
"187626725","Richard","1"
"248535877","Caleb","1"
"9710840","Ymerli","1"
"68296377","Ellen","1"
"173882465","Timm","1"
"250779876","Joseph And Kelsey","1"
"96177754","Blair","1"
"3459413","Sara","1"
"25499692","Stephanie","1"
"17125490","Jonathan","1"
"60274263","Melissa","1"
"158630516","Portia","1"
"32443912","Nicole","1"
"17721333","Lindsay","1"
"450377","Sara","1"
"8552617","Shannon","1"
"29657815","Eliana","1"
"263176516","Angela","1"
"189080216","Jennie","1"
"265815840","Margaret","1"
"266252521","Julie","1"
"167217854","Brie","1"
"42011154","Cindy","1"
"185057577","Burt","1"
"173739940","Franklin","1"
"26893136","Mark","1"
"2495976","Jeanne","1"
"251646421","Michael","1"
"153532297","John","1"
"272110022","Elizabeth","1"
"3064799","Monroe","1"
"9313376","Thomas","1"
"181695818","Stephanie","1"
"4591695","Jennifer","1"
"74488447","Jessica","1"
"22202304","Joe","1"
"276060333","Sara","1"
"275850075","Sandra","1"
"90478266","Liana","1"
"17086502","Tim","1"
"224008239","Franklyn","1"
"22084479","Molly","1"
"281121333","Anna","1"
"7074918","Margaret Ann","1"
"47111763","Matilda","1"
"285895298","Frank","1"
"255209652","Max","1"
"22829042","Joelle","1"
"85510477","Ryan","1"
"289191377","Athena","1"
"290292888","Connie","1"
"150024808","Sheri","1"
"11458618","Rebecca","1"
"121549010","Andra","1"
"8916884","Brendan","1"
"3838067","Anna","1"
"33911036","Soorya","1"
"459609","Shelley","1"
"30985020","Michelle","1"
"34992675","Michelle","1"
"94272182","Thomas","1"
"46570936","Kelly","1"
"84784954","Neil","1"
"137884684","Roger","1"
"157856054","Abby","1"
"40328496","Nansi","1"
"297256170","Nhut Qhm","1"
"83353651","Tracey","1"
"298877301","Frans","1"
"76909312","William","1"
"238769978","Jim","1"
"32670355","Karen","1"
"58838473","Sandy","1"
"5609688","Lisa","1"
"33129659","John","1"
"714507","Hany","1"
"117928272","Caroline","1"
"97028753","Anne","1"
"8120727","Mary Alexander","1"
"305249149","Debbie","1"
"14194725","Isabel","1"
"223842233","Donna","1"
"309708737","Gary","1"
"62193522","Martin","1"
"314149204","Chris","1"
"316212986","Amanda","1"
"291084289","Matthew","1"
"4506010","Candra","1"
"27118661","Sean","1"
"1403706","Alice","1"
"198187347","Jamie & Brooke","1"
"2456389","Andrew","1"
"30499084","Ana","1"
"31313195","Rachael","1"
"326751718","Sheri","1"
"329050049","Crystal","1"
"8205914","Lauren","1"
"3177073","Michelle","1"
"108957180","Bonnie","1"
"84074671","Lisa","1"
"25297230","Robin","1"
"267920741","Adrienne","1"
"338388035","Jennifer","1"
"50283148","Nicholas John","1"
"16701849","Anna","1"
"1657070","Xanet","1"
"81826905","Daniel","1"
"129158630","Hartwell","1"
"11100294","Jane","1"
"266195","Amanda","1"
"194684876","Jane","1"
"45101975","Frank","1"
"44777426","Janice","1"
"77981939","Angie","1"
"1767483","Elizabeth","1"
"348674813","Duy","1"
"124832793","Jerry","1"
"346595064","Melynda","1"
"76904981","Laura","1"
"350604174","Katrina","1"
"43046775","Seay & Lisa","1"
"161709340","James","1"
"214505447","Julia","1"
"239857622","Douglas Michael","1"
"354865993","Deborah","1"
"355229416","Victoria","1"
"288502396","Jennica","1"
"55687891","Laura","1"
"124060715","Evolve","1"
"28313997","Ciera","1"
"48259724","Alice","1"
"364591604","Rebecca","1"
"561719611","Cathie","1"
"365979586","Sandi","1"
"366607498","Lisa-Marie","1"
"70574517","Christopher","1"
"33286580","Joan","1"
"268745968","Francia","1"
"27581865","Matt","1"
"416686659","Jadyn","1"
"50158026","Oleg","1"
"124896535","Olga","1"
"369749610","Shannon","1"
"98985842","David","1"
"13514795","Dan","1"
"108982756","Paul","1"
"169283507","Iosvany","1"
"99076139","Jason","1"
"371552792","Will","1"
"31991438","Calile","1"
"372785378","Lorrin","1"
"18571912","Dawn","1"
"146673955","Jennifer","1"
"10720191","Graham","1"
"226584891","Zeki","1"
"2977896","Andrew","1"
"94492394","Amy","1"
"16757369","Carl","1"
"3894475","Kyle","1"
"264772108","Jennifer","1"
"116911345","Ivan Sandra","1"
"4806300","Lindsey","1"
"145987810","Brian","1"
"102391297","Heather","1"
"44456985","Alan","1"
"378895410","Devin","1"
"177685841","Bobby","1"
"35338953","Danny","1"
"380482401","Shi Ying","1"
"38254165","Leanora Rosa","1"
"270115998","Satsuki","1"
"384379513","Michelle","1"
"55044333","Stephanie","1"
"384950560","Matthew","1"
"160076615","Chris","1"
"42432803","Jonathan Phillip","1"
"157794377","Cathy","1"
"72681031","Kelly","1"
"153758369","Timothy","1"
"41847750","J. Benjamin","1"
"40029825","Melissa","1"
"388181175","Hannah And Uy","1"
"28998183","Veronica","1"
"51269157","Luella","1"
"65749295","Jess","1"
"78167769","Spencer","1"
"6796589","Joseph John","1"
"58785386","Jeff","1"
"30010975","Chad","1"
"55299655","Andrew","1"
"24498676","Sofie","1"
"154212152","Galen","1"
"392890755","Jessica","1"
"132524015","Benjamin","1"
"155987387","James D","1"
"6411050","James","1"
"394967943","Kelli","1"
"394972153","Cynthia Meadows","1"
"304938213","Jenna","1"
"5746326","Timothy Wayne","1"
"5941331","Jaime","1"
"187697096","Debra","1"
"9007716","John","1"
"160357199","Rebekah","1"
"26502590","Rebecca","1"
"383996553","David","1"
"144282403","Enrique","1"
"196046563","Cathy","1"
"30145808","Ashima","1"
"56757021","Maggie","1"
"128356088","Stephanie","1"
"307979667","Amanda","1"
"399290634","James","1"
"4810798","Kate","1"
"248689040","Angie","1"
"400298567","Ann Marie","1"
"37159729","Paula","1"
"126755200","Paige","1"
"96471276","Devin","1"
"362841999","Michael","1"
"34542878","Richard","1"
"70490297","Jenelle","1"
"64318627","Ceara","1"
"401538427","Phil","1"
"401884795","Jessica","1"
"79593180","Ramin","1"
"21377440","Corey","1"
"403132675","Wendy","1"
"5491786","Todd And Katie","1"
"1741672","Jeff","1"
"403566878","Virginia","1"
"337935088","Susan","1"
"404315596","Toni","1"
"165122220","Anna","1"
"5954944","Malinda","1"
"332158043","Harriett","1"
"404754629","Jennifer","1"
"6654868","Lauren","1"
"67737136","Michael","1"
"405599295","Yana","1"
"126928393","Preston & Sarah","1"
"18248189","Stephanie","1"
"377619924","Jackie","1"
"7741232","Stephanie","1"
"37138238","Amy","1"
"64101745","Amy","1"
"2027413","Meg","1"
"391945355","Ellis","1"
"123803665","Joshua","1"
"163491126","Ian","1"
"408610802","Tammy","1"
"409743015","Sarah","1"
"41908335","Tal","1"
"143420390","Adi","1"
"7099170","Anna","1"
"40824421","William Clay","1"
"403441498","Elizabeth","1"
"147235635","Christina Marie","1"
"108970424","Julie","1"
"4724682","Andress","1"
"61835943","Sara","1"
"1553634","Travis","1"
"34778306","Christine","1"
"20107175","Howard","1"
"1003147","Jason","1"
"21704525","Krissy","1"
"416371574","Karen","1"
"134512856","Earl","1"
"59578110","Rachel","1"
"50368305","Jennifer","1"
"501449","Britt","1"
"48817320","David","1"
"72193612","Rob","1"
"42140695","Josué","1"
"190501150","Adam","1"
"419401583","Dareth","1"
"37992481","Andy","1"
"6639528","Sara","1"
"96458068","Kelsey","1"
"1567917","Georgeanna","1"
"422135399","Simms","1"
"422190367","Holly Anne","1"
"75682583","Michal","1"
"131057648","Luz","1"
"139857763","Maya","1"
"205522452","Black Bear","1"
"4647984","Leah","1"
"45910175","William","1"
"13405192","Melissa L.","1"
"423445541","Thomas","1"
"15352414","Dawon","1"
"23033077","Amelia","1"
"425601651","Chris","1"
"3861303","Megan","1"
"19380268","Ryan","1"
"212479893","Alex","1"
"396623834","Christina","1"
"149009987","James","1"
"14950379","Caroline","1"
"428187004","Piyumi","1"
"46934255","Edward Taylor Iv","1"
"24457388","Holly","1"
"428514518","Paul","1"
"428642065","Courtney","1"
"395924591","Ashley","1"
"428555008","Yris","1"
"4024013","Dan","1"
"21654831","Lauren","1"
"416648786","Cirkl","1"
"430497358","Deborah","1"
"430657078","Nicole","1"
"3064825","Luke","1"
"8798169","Mike","1"
"18599073","Joy","1"
"34049461","J D","1"
"294297773","Teresa","1"
"432508800","Catalina","1"
"433277072","Trinh","1"
"200858798","Gerard","1"
"31473187","Ethan","1"
"45026731","Mallia","1"
"198597355","Terri","1"
"104157675","Justin & Reyna","1"
"387198381","Sarah","1"
"76587198","Michelle","1"
"249982814","Kelsey","1"
"52896770","Lauren","1"
"436637311","Jason","1"
"425199801","Christy","1"
"263659156","Rebekah","1"
"3947707","Cristina","1"
"106735146","Gerardo","1"
"3651447","Emily","1"
"237386633","Michael","1"
"36521767","Nastassia","1"
"53328621","Neeka","1"
"374291545","Natacha","1"
"847115","Cory","1"
"15253026","Kate & Michael","1"
"179779419","Justin","1"
"420300255","Sabrina","1"
"43099310","John","1"
"26670598","Yagmur","1"
"8594089","Kat","1"
"403732331","Mickey","1"
"28449237","Karen","1"
"115227864","Matt","1"
"2472132","Stephanie","1"
"504597054","Michael","1"
"7202853","Nithiwadee","1"
"276880474","Diana","1"
"308168792","Erick","1"
"445399772","Chelsea","1"
"121468060","Kristin","1"
"66443098","Rebecca","1"
"445988334","Justin","1"
"69379234","Margaret Viola","1"
"15808281","Kelly","1"
"39517702","Bell And Raul","1"
"401609004","Tara","1"
"447050851","Ruth","1"
"447556763","Lois","1"
"38154145","Tasha","1"
"189552329","Audrie","1"
"243322369","Nicole","1"
"15425062","Micah","1"
"448498461","Erica","1"
"191353907","Talia","1"
"104531383","Emma Kate","1"
"75017005","Sarah","1"
"449003537","Marc","1"
"19258200","Nancy","1"
"3414106","Kate","1"
"27761310","Chris","1"
"96578517","Yael","1"
"406392081","James","1"
"104482572","Shidonna","1"
"115676434","James","1"
"2097107","Drew","1"
"102533796","Patricia Culler","1"
"27748033","Christine","1"
"2066301","Tony","1"
"268445857","Amanda","1"
"32353603","Tony","1"
"310530406","Robin","1"
"443391933","Lindsey","1"
"326723806","Meredith","1"
"5594285","Elliot","1"
"115308482","Allison","1"
"79487631","Scott","1"
"200250719","Linda","1"
"24677932","Rachael","1"
"14891427","Andrew","1"
"14072158","Patrick","1"
"373668078","Daniel","1"
"49431810","Lisa","1"
"439575266","Lindsay","1"
"261236178","Jennifer","1"
"10038002","Sean","1"
"118817917","Laura","1"
"419257959","Thomas","1"
"143395435","Leslie","1"
"337044717","Joy","1"
"21150231","Alisha","1"
"457277374","Jennifer And Kennith","1"
"65940659","Rebecca","1"
"71348398","Hamid","1"
"121238693","Tommy And Jenny","1"
"152349299","Tobie","1"
"261849624","Anna","1"
"350727110","Angela Leigh","1"
"15830544","Deborah","1"
"460034779","Todd","1"
"460060412","April","1"
"156891704","Mary","1"
"195087670","Aaron","1"
"7653975","Linda","1"
"461072378","Lucy","1"
"115081421","Katherine","1"
"8539567","Michael","1"
"80034662","Kevin","1"
"441310546","Abigail","1"
"33701162","Leanne","1"
"393755833","Dirk","1"
"414566451","Sergey","1"
"10534849","Brett","1"
"461292034","Kenneth","1"
"87509","Radix","1"
"25820180","Robert","1"
"871687","Fabiana","1"
"109019570","Lisa","1"
"464930832","Arthur","1"
"33140866","Matt","1"
"56282532","Dan","1"
"41301842","Erica","1"
"281471581","Joanie","1"
"17894278","Marta","1"
"233368274","David","1"
"442096897","Joe","1"
"199409320","Leah","1"
"424485172","Kell","1"
"78474630","Susan","1"
"481140971","James","1"
"47498677","Pamela","1"
"158894718","Mark","1"
"33449874","Molly","1"
"469417658","Nicole","1"
"72122857","Amber","1"
"267939283","Jaime","1"
"50919042","Katherine","1"
"98604649","Heather","1"
"73127762","Joel","1"
"470991786","Lane","1"
"471087905","Anna Kathryn","1"
"5111981","Jessica Leigh","1"
"2707998","Lisa","1"
"16110671","Jane","1"
"129486798","Ryan","1"
"472727588","Kimberly","1"
"27378532","Cecil","1"
"27538155","Mark","1"
"474226080","Robin","1"
"29216442","Beth","1"
"3672127","Tonya","1"
"139853785","Gene","1"
"2891832","Prashant","1"
"475352747","Matthew And Ayla","1"
"419247317","Gene","1"
"475705099","Jennifer","1"
"250345844","Pamela Lynn","1"
"65467147","Diana","1"
"174463018","Stephen","1"
"22631132","Jenna","1"
"477705881","Tia","1"
"362218456","Katlin","1"
"18034486","Hussein","1"
"4144670","Rebecca Ann","1"
"115241715","Catherine","1"
"218966482","Dan","1"
"216246091","David","1"
"243185179","Holden","1"
"27736078","Eve","1"
"479901823","Jeff","1"
"1210609","Isabel","1"
"24165374","Maria","1"
"380208623","Matthew","1"
"411300973","Jennifer","1"
"480374056","Unique","1"
"14989814","Michelle","1"
"22573172","Samuel","1"
"487495","Alisha","1"
"4438609","Alisa","1"
"6762441","Debra","1"
"24329986","Linda","1"
"440166207","Michael","1"
"202047615","Katelyn","1"
"173861479","Amy","1"
"11459050","Kristen","1"
"482537790","Morgan And Nick","1"
"272258450","David And Lisa","1"
"19828041","Caleigh Heather","1"
"87843651","Kait","1"
"56519777","Caitlin","1"
"484188441","Juli","1"
"4649981","Sean","1"
"6975664","Anita","1"
"309975357","Patricia","1"
"484975516","Jesus","1"
"7657679","Jane","1"
"135830592","Elisa","1"
"485612314","John","1"
"120082470","Mitchell Robert","1"
"23006514","John","1"
"469848994","Cheryl","1"
"486322701","Daniel","1"
"100388193","McKinley","1"
"455233245","John","1"
"318960812","Sean","1"
"125517409","Natalya","1"
"489460619","Ben And Tara","1"
"404069536","Travis","1"
"35911236","Kelly","1"
"490356742","Mary","1"
"67482091","Hannah","1"
"442620287","Martha","1"
"143748636","Amanda","1"
"84731971","Hisham And Natalie","1"
"287133384","Samantha","1"
"193298558","Amy","1"
"12356599","Derrick","1"
"478867475","Raven","1"
"652398","Kathryn","1"
"226474067","Daniela","1"
"177825864","Janet","1"
"54070022","Courtney","1"
"2438992","Maggie","1"
"495349821","Mark","1"
"496449296","Jessica","1"
"389708088","Roberta","1"
"41716528","Susana","1"
"22083491","Kara","1"
"55597430","Ashley","1"
"301671899","Scott","1"
"24384097","Kristina","1"
"6968667","Katherine Haemmel","1"
"498617085","Bob","1"
"499283394","Jared","1"
"177891917","Russell","1"
"94826029","Liza","1"
"123333372","Maria","1"
"60531868","Lauren","1"
"63661468","Joyce","1"
"23337265","James","1"
"351710753","Brandy","1"
"2787621","Anoek","1"
"502051300","Andrew","1"
"428267061","Robert","1"
"182768159","Cassie & Jeremy","1"
"28985925","Patrick & Kristin","1"
"1879017","Caroline","1"
"503565216","Goldie","1"
"50486229","Jenn","1"
"94697621","Diane","1"
"37363896","Arielle","1"
"15049","Alison","1"
"6470371","Mitchell","1"
"31943484","Dawn","1"
"439891870","Patricia","1"
"59527470","Deanna","1"
"30486922","Deborah","1"
"20072395","Mara & Ed","1"
"507409428","Christopher","1"
"56408584","Darien","1"
"14548170","Tamara","1"
"240696529","Julie","1"
"298877777","Amy","1"
"92333801","Melissa","1"
"508439458","Phillip","1"
"151945658","Kellyn","1"
"197382876","Elizabeth","1"
"115357471","Celine","1"
"205592313","Michael & Jill","1"
"509402394","Joan","1"
"91187686","Laura","1"
"39330682","Ryan","1"
"509718681","Khawlah","1"
"509753142","Kathleen","1"
"509872350","Alexandra","1"
"4134","Savana","1"
"37434980","Maria","1"
"87241447","Karl","1"
"209921034","Lisa","1"
"91152","Mary Kay","1"
"234790697","Emma","1"
"511254923","Berta","1"
"509167621","Satish","1"
"496452322","Miles","1"
"79532113","Greg","1"
"215764","Lynn","1"
"23723272","Kelsey","1"
"144357357","Anne","1"
"106838144","Chris","1"
"60817304","Benjamin","1"
"225360218","Joey","1"
"60942838","Aimee","1"
"106853237","Alexandria","1"
"8776922","Eliza","1"
"90889685","Thomas","1"
"253638205","Adina","1"
"516201808","Seth","1"
"30239025","Nigel","1"
"6101703","Caroline","1"
"10568965","Nathan","1"
"45523921","Leah","1"
"450810156","Ali","1"
"21027252","Dana","1"
"84361370","Stephanie","1"
"446184653","Alondra","1"
"516236827","Justin","1"
"59341867","Erin","1"
"62122483","Elizabeth","1"
"233740556","Kevin","1"
"99885607","Heather","1"
"120009457","Emma","1"
"454071230","Elizabeth","1"
"520180942","Thomas","1"
"3928739","Cristina","1"
"164478290","Anna","1"
"61116108","Paola","1"
"3505106","Hannah","1"
"442694125","Jaime","1"
"321522969","Damkianna","1"
"241573463","Joseph Ingle","1"
"167430177","Zack","1"
"486075818","Grace","1"
"105318032","Carrie","1"
"664180","Tara","1"
"36805990","Caryn","1"
"206443165","Luis","1"
"521300240","Jenny","1"
"30015530","Jason","1"
"4154016","Giselle","1"
"35381153","Tanya","1"
"35967819","Lisa And Michael","1"
"34869097","Channing","1"
"527659740","Tommy","1"
"40627242","Heather","1"
"89600279","Chris","1"
"526955140","Mark","1"
"89019682","Zarina","1"
"528777142","Randy","1"
"5776857","Amelia","1"
"350960009","Brendan","1"
"226832127","Dottie","1"
"8996484","Lisa","1"
"3999273","Robert","1"
"166884915","Sabrina","1"
"428701448","Andrea","1"
"205084264","Cheryl","1"
"324932501","Williams","1"
"3381450","Megan","1"
"531354387","Nick","1"
"65665034","Steven","1"
"12809291","Laura","1"
"100968660","Sara","1"
"13275682","Virginia","1"
"1288045","Sonya","1"
"26365350","Alida","1"
"22215473","Kelsey","1"
"3519689","Cheryl","1"
"298568159","Joe","1"
"507059565","Susan","1"
"177393173","Rebecca","1"
"419538335","Christine","1"
"111409853","Asha","1"
"257620712","Shannon","1"
"536773718","Mitchell","1"
"179244426","Nathan Atlee","1"
"25718808","Jillian","1"
"426994511","Vlad","1"
"349505431","Barbara","1"
"54544618","Kelsey","1"
"12962528","Brittney","1"
"95348172","Melissa","1"
"29282977","Jennifer","1"
"24682792","Emily","1"
"1850157","Jade","1"
"540177702","Kacee","1"
"74088397","Patrick","1"
"540341413","Grove Arcade Asheville","1"
"13865975","Méda","1"
"206205944","Madelyn","1"
"557821135","Jessica","1"
"78890902","Emily","1"
"30980845","Alyssa","1"
"95194682","Zachary Nash","1"
"155269210","Katharine","1"
"361244976","Brandon","1"
"57549937","Adam","1"
"543023830","Joshua","1"
"9032873","Susannah","1"
"28722711","David Vincent","1"
"41380109","Jenna-Leigh","1"
"520420324","Christina","1"
"406280779","Brian","1"
"53051025","Nicholas","1"
"15808","Anna","1"
"31873481","Andrew","1"
"1922948","George","1"
"546126955","Siobháin","1"
"154307964","Kimberly","1"
"546381151","Alan And Bailey","1"
"7434138","Jennifer","1"
"27246601","Erin","1"
"486349462","Lisa","1"
"12811789","Brian","1"
"497073472","John","1"
"37086616","Emily","1"
"547265452","Matt","1"
"68216625","Mary","1"
"548546793","Greg","1"
"548955963","Rudhir","1"
"62047036","Hoang","1"
"11448678","Kesha","1"
"453603422","Lilia","1"
"56276837","Lisa","1"
"168900808","Carter","1"
"251085740","Clifford","1"
"35950027","Christina","1"
"551711634","Robert","1"
"25038606","Chesley","1"
"210944753","Jessica Melinda","1"
"1543555","Daniel","1"
"378603406","Diane","1"
"29598359","Susann","1"
"527723076","Stay In Our House","1"
"554057499","John","1"
"309406267","Robert","1"
"473302831","Juan","1"
"483859847","Whitney","1"
"75192024","Alexander","1"
"96072244","Anna","1"
"123962138","Mike","1"
"154376471","Cassady","1"
"190468048","Victoria Leigh","1"
"17733482","Tim","1"
"142697419","Bryan Austin","1"
"125551916","Theresia","1"
"1475601","Japhy","1"
"259492723","Sara Renee","1"
"983928","Amanda","1"
"140060724","Crystal","1"
"12642086","Briana","1"
"71715985","Megan","1"
"38203746","Neil","1"
"26640981","Troy","1"
"52166971","Ainsley","1"
"34125691","Alyssa","1"
"24663958","Jude","1"
"1844589","Jake","1"
"1654516","Stevie","1"
"165214601","Lyn","1"
"563235667","Christine","1"
"457191026","Feliziano","1"
"9658820","Kara","1"
"50382640","Christina","1"
"565314563","Doug","1"
"44368247","Christopher","1"
"565541153","Benjamin Fane","1"
"565584678","Lauren","1"
"1656200","Nicole","1"
"566686720","Blakely","1"
"566756029","Jackie","1"
"567095034","Christopher","1"
"69959270","Stephen","1"
"516894266","Michael","1"
"56104802","Brittany","1"
"241879339","Tracy","1"
"9385592","Kelsey","1"
"490648466","Vadim","1"
"568896698","Marion Kathleen","1"
"120267315","Julie","1"
"56083980","Martha","1"
"91866735","Emily","1"
"380356055","Jeffrey","1"
"6280184","Jessica","1"
"496193693","Daniel","1"
"63280914","Ruth","1"
"176979085","POP Rentals","1"
"217518086","Britta","1"
"279526052","Tara","1"
"573466868","Laura","1"
"15910654","Jane","1"
"533086997","Caitlin","1"
"478966026","Rk","1"
"33043060","William","1"
"242591831","Anthony","1"
"157920046","Darryl","1"
"338006238","John","1"
"140501465","Stephanie","1"
"193203626","Jenna","1"
"575635720","Amy","1"
"403045372","John","1"
"108027441","Anna","1"
"6308241","Valerie","1"
"17613941","Sophie","1"
"12605755","Rob","1"
"563802819","Alex","1"
"375631163","McKenzie","1"
"258227258","Yelena","1"
"15831557","Verena","1"
"45599867","John","1"
"48097254","Anne Romine","1"
"126635258","Angie","1"
"7777512","Tracy","1"
"195511460","Casey","1"
"114665156","Emily","1"
"6340691","Michael Joseph","1"
"30305177","Giovana","1"
"359123616","Galina","1"
"580699846","Diana","1"
"117236182","Lucas","1"
"388014604","Jaspreet","1"
"535203921","Renee","1"
"580997770","Jennifer","1"
"490458593","Brigitte","1"
"34682228","Laura","1"
"791735","Daniel","1"
"147702024","Austin","1"
"296459352","Ralph","1"
"5124063","Christa","1"
"375137731","Jessica","1"
"140439520","Katherine","1"
"467237346","Karen","1"
"231367315","Meghan","1"
"588365570","Tracy","1"
"588453127","David","1"
"181499439","Jeremy And Jenn","1"
"11404320","Sarah","1"
"46338659","Fernanda","1"
"315912253","Katy","1"
"523688755","Kay","1"
"45400280","Michael","1"
"1342014","Christian","1"
"105346900","Alan","1"
"9730925","Bradford Alan","1"
"530694595","Seeta","1"
"121668896","Larry","1"
"592711645","Tor","1"
"458500695","Yolanda","1"
"49904785","Mary","1"
"597466462","Emily","1"
"65522713","Catriona","1"
"34871822","Emma","1"
"595424070","Glen","1"
"17847544","Aidan","1"
"385516193","Kate","1"
"56275295","Jonathan","1"
"596013329","Nicole","1"
"20484728","Brendan","1"
"57515666","Shelley","1"
"21490928","Erin","1"
"574828325","Tim","1"
"597275929","Young","1"
"415414355","Mark","1"
"3206007","Jesse","1"
"30876182","Maira","1"
"242314108","Sunscape Property Management","1"
"62089253","Amanda","1"
"79463303","Selina","1"
"62527493","Kasey","1"
"85529111","William","1"
"208670065","Shane","1"
"651335700","Marisela","1"
"21866774","Jim","1"
"151091951","Timothy","1"
"456204297","Linda","1"
"120885818","Mellonee","1"
"651728438","Dahvid","1"
"1697990","Mahabisa","1"
"82569086","Barbara Ann","1"
"544444091","Daniel","1"
"17847289","John","1"
"156307111","Melinda","1"
"3682939","Teresa","1"
"87927755","Paige","1"
"159135979","Matthew","1"
"655298560","Abigail","1"
"18001156","Robyn","1"
"10621261","Mikal","1"
"54876067","Jared","1"
"84721943","Alanna","1"
"186320484","Lindita","1"
"52253417","Shawn","1"
"18219339","Shradha","1"
"25041828","Sara Marie","1"
"20873152","Amit","1"
"554890022","Hui Jiang","1"
"658812996","Daniel William","1"
"42933293","Deborah","1"
"131522783","Carol","1"
"531914035","Ivan","1"
"404145168","Nicole","1"
"624676","Seth","1"
"590810270","Lisa","1"
"234759050","Scott","1"
"481295214","Lorena","1"
"662792020","Virginia","1"
"218920112","Dorothy","1"
"5451404","Amy","1"
"106609699","Alla","1"
"451808021","Cary","1"
"23007279","Amelia","1"
"447318020","Ratna","1"
"247108828","Holly","1"
"663905054","Michael J","1"
"29796826","James","1"
"7388531","Malorie","1"
"373250085","Dudley","1"
"198598165","Melissa","1"
"417402133","Siva","1"
"55850164","Tanner","1"
"489012490","Ronit","1"
"9710654","Randy And Marissa","1"
"180969738","Aaron","1"
"389786165","Camille","1"
"73941176","Stacey","1"
"80012208","Brian","1"
"7424167","Elizabeth","1"
"4778886","Anne","1"
"671103351","Richa","1"
"309510406","Wilson","1"
"4365783","Laurie","1"
"52671957","Tina","1"
"206150860","Michelle","1"
"665242421","DoubleTree By Hilton Asheville","1"
"665418275","Embassy Suites By Hilton Ashev","1"
"676269541","Catherine","1"
"269612165","Justice","1"
"675960947","Janet","1"
"42623426","Kelda","1"
"678708649","Kyle","1"
"107484893","Scott","1"
"12962125","Jeff","1"
"366608639","Lance And Micaela","1"
"194566385","Max","1"
"681561264","Susan","1"
"49742600","Denise","1"
"52027893","Kari","1"
"681769558","Baranda","1"
"20447538","April","1"
"84554169","Jarod","1"
"146213834","Barbara","1"
"682810707","Linda","1"
"8855770","Wendy","1"
"118456284","Gabriela","1"
"1691575","Robin","1"
"364963185","Jess","1"
"84080099","Julian","1"
"483381182","Leah","1"
"492306523","Rachel","1"
"244673911","Abby","1"
"51529365","Daniel","1"
"217952244","Jeremiah","1"
"57941383","Katherine Louise","1"
"658928356","James","1"
"364080","Caroline","1"
"20888635","Dave","1"
"50327008","Amira","1"
"13137997","Angela","1"
"35948881","Blake","1"
"1730995","Caley","1"
"201536916","Susan","1"
"250203391","Yang","1"
"174530636","Jeremy","1"
"94793670","Kristin","1"
"6659154","Jordan","1"
"390089294","Traverse","1"
"574323732","Chelcie","1"
"3578821","Kaitlyne","1"
"84757618","Wendy","1"
"59192739","Amber","1"
"697310762","Anastasiia","1"
"459767633","Anita","1"
"430514787","Kelly","1"
"698473165","Anai","1"
"44387123","Drew","1"
"479945666","Dana","1"
"452841143","Johnny","1"
"52788728","Diana","1"
"350797518","Suzanne","1"
